{"cameraMode":{"drawMode":0,"name":"Shaded","section":"Shading Mode"},"sceneLighting":false,"audioPlay":false,"sceneViewState":{"m_AlwaysRefresh":false,"showFog":true,"showSkybox":false,"showFlares":true,"showImageEffects":true,"showParticleSystems":true,"showVisualEffectGraphs":true,"m_FxEnabled":true},"in2DMode":false,"pivot":{"x":0.17729967832565309,"y":-0.11711648106575012,"z":0.24003785848617555},"rotation":{"x":-0.19413124024868012,"y":0.2301894873380661,"z":-0.048067037016153339,"w":-0.9525775909423828},"size":1.254334807395935,"orthographic":false}