{"cameraMode":{"drawMode":0,"name":"Shaded","section":"Shading Mode"},"sceneLighting":false,"audioPlay":false,"sceneViewState":{"m_AlwaysRefresh":false,"showFog":true,"showSkybox":false,"showFlares":true,"showImageEffects":true,"showParticleSystems":true,"showVisualEffectGraphs":true,"m_FxEnabled":true},"in2DMode":false,"pivot":{"x":-0.0010361745953559876,"y":0.039573945105075839,"z":-0.011593587696552277},"rotation":{"x":-0.1611243486404419,"y":0.44117271900177,"z":-0.08219894021749497,"w":-0.8794428706169128},"size":0.32168352603912356,"orthographic":false}