{"cameraMode":{"drawMode":0,"name":"Shaded","section":"Shading Mode"},"sceneLighting":false,"audioPlay":false,"sceneViewState":{"m_AlwaysRefresh":false,"showFog":true,"showSkybox":false,"showFlares":true,"showImageEffects":true,"showParticleSystems":true,"showVisualEffectGraphs":true,"m_FxEnabled":true},"in2DMode":false,"pivot":{"x":0.06531071662902832,"y":-0.12907449901103974,"z":0.0630345344543457},"rotation":{"x":0.1478542685508728,"y":0.255609393119812,"z":-0.03837275505065918,"w":0.9549140334129334},"size":1.0809223651885987,"orthographic":false}