{"cameraMode":{"drawMode":0,"name":"Shaded","section":"Shading Mode"},"sceneLighting":false,"audioPlay":false,"sceneViewState":{"m_AlwaysRefresh":false,"showFog":true,"showSkybox":false,"showFlares":true,"showImageEffects":true,"showParticleSystems":true,"showVisualEffectGraphs":true,"m_FxEnabled":true},"in2DMode":false,"pivot":{"x":-0.035820722579956058,"y":2.7730093002319338,"z":1.8778351545333863},"rotation":{"x":0.131546750664711,"y":0.36040520668029787,"z":-0.05040723457932472,"w":0.9223427772521973},"size":1.3225128650665284,"orthographic":false}