{"cameraMode":{"drawMode":0,"name":"Shaded","section":"Shading Mode"},"sceneLighting":false,"audioPlay":false,"sceneViewState":{"m_AlwaysRefresh":false,"showFog":true,"showSkybox":false,"showFlares":true,"showImageEffects":true,"showParticleSystems":true,"showVisualEffectGraphs":true,"m_FxEnabled":true},"in2DMode":false,"pivot":{"x":0.039548225700855258,"y":0.1450742781162262,"z":0.04261878877878189},"rotation":{"x":-0.06829545646905899,"y":0.9312025904655457,"z":-0.2367832511663437,"w":-0.26858285069465639},"size":0.5440158247947693,"orthographic":true}